,A,E,F,H,I,K,L,M,N,T,V,W,X,Y,Z
AP1_0000,13,0,0,0,0,0,0,0,0,0,0,0,0,0,0
AP1_0001,35,0,0,0,0,0,55,0,0,0,0,0,0,0,0
AP1_0002,3,0,0,0,80,0,0,0,0,0,10,0,0,0,0
AP1_0003,29,0,0,0,80,0,0,0,0,0,0,0,0,0,0
AP1_0004,13,0,0,0,0,0,0,0,0,0,0,0,0,0,0
AP1_0005,35,0,0,0,80,0,80,0,0,0,0,0,0,0,0
AP1_0006,0,0,0,0,56,0,0,0,0,0,0,0,0,0,0
AP1_0007,35,0,0,0,80,0,0,0,0,0,0,0,0,0,0
AP1_0008,0,0,0,0,0,0,0,0,0,0,0,0,0,0,0
AP1_0009,13,0,0,0,0,0,0,0,0,0,0,0,0,0,0
AP1_0010,13,0,0,0,56,0,0,0,0,0,0,0,0,0,0
AP1_0011,45,0,0,0,80,0,0,0,0,0,0,0,0,0,0
AP1_0012,0,0,0,0,80,0,0,0,0,0,0,0,0,0,0
AP1_0013,13,0,0,0,80,0,0,0,0,0,0,0,0,0,0
AP1_0014,13,0,0,0,0,0,0,0,0,0,0,0,0,0,0
AP1_0015,0,0,0,0,80,0,0,0,0,0,10,0,0,0,0
AP1_0016,13,0,0,0,0,0,0,0,0,0,0,0,0,0,0
AP1_0017,13,0,0,0,80,0,0,0,0,0,0,0,0,0,0
AP1_0018,29,0,0,0,80,0,0,0,0,0,0,0,0,0,0
AP1_0019,13,0,0,0,80,0,0,0,0,0,0,0,0,0,0
AP1_0020,0,0,0,0,80,0,0,0,0,0,0,0,0,0,0
AP1_0021,32,0,0,0,80,0,80,0,0,0,0,0,0,0,0
AP1_0022,35,0,0,0,0,0,0,0,0,0,0,0,0,0,0
AP1_0023,29,0,0,0,80,0,0,0,0,0,0,0,0,0,0
AP1_0024,13,0,0,0,24,0,0,0,0,0,0,0,0,0,0
AP1_0025,13,0,0,0,80,0,0,0,0,0,0,0,0,0,0
AP1_0026,0,0,0,0,80,0,0,0,0,0,0,0,0,0,0
AP1_0027,29,0,0,0,80,0,0,0,0,0,10,0,0,0,0
AP1_0028,64,0,0,0,80,0,0,0,0,0,0,0,0,0,0
AP1_0029,0,0,0,0,65,0,0,0,0,0,0,0,0,0,0
AP1_0030,42,0,0,0,15,0,0,0,0,0,0,0,0,0,0
AP1_0031,0,0,0,0,80,0,0,0,0,0,0,0,0,0,0
AP1_0032,35,0,0,0,80,0,25,0,0,0,0,0,0,0,0
AP1_0033,22,0,0,0,80,0,0,0,0,0,0,0,0,0,0
AP1_0034,29,0,0,0,80,0,25,0,0,0,0,0,0,0,0
AP1_0035,42,0,0,0,0,0,0,0,0,0,0,0,0,0,0
AP1_0036,13,0,0,0,80,0,0,0,0,0,0,0,0,0,0
AP1_0037,13,0,0,0,39,0,0,0,0,0,0,0,0,0,0
AP1_0038,35,0,0,0,0,0,0,0,0,0,0,0,0,0,0
AP1_0039,35,0,0,0,80,0,25,0,0,0,0,0,0,0,0
AP1_0040,64,0,0,0,56,0,0,0,0,0,24,0,0,0,0
AP1_0041,13,0,0,0,80,0,0,0,0,0,0,0,0,0,0
AP1_0042,13,0,0,0,56,0,0,0,0,0,0,0,0,0,0
AP1_0043,58,0,0,0,0,0,0,0,0,0,0,0,0,0,0
AP1_0044,42,0,0,0,80,0,0,0,0,0,0,0,0,0,0
AP1_0045,0,0,0,0,0,0,0,0,0,0,0,0,0,0,0
AP1_0046,35,0,0,0,0,0,0,0,0,0,0,0,0,0,0
AP1_0047,42,0,0,0,0,0,0,0,0,0,0,0,0,0,0
AP1_0048,0,0,0,9,41,0,80,0,0,0,0,0,0,0,0
AP1_0049,0,0,0,0,56,0,0,0,0,0,0,0,0,0,0
EP1_0000,0,10,22,0,80,0,0,0,0,0,0,0,0,0,0
EP1_0001,0,0,8,0,0,0,0,0,0,0,0,0,0,0,0
EP1_0002,3,26,30,0,41,0,0,0,0,0,0,0,0,0,0
EP1_0003,0,10,63,0,80,0,0,0,0,0,0,0,0,0,0
EP1_0004,0,10,30,0,0,0,0,0,0,0,0,0,0,0,0
EP1_0005,13,10,22,0,80,8,80,0,0,0,0,0,0,0,0
EP1_0006,0,0,8,3,56,0,0,0,0,0,0,0,0,0,0
EP1_0007,13,28,30,0,80,0,0,0,0,0,80,0,23,0,0
EP1_0008,0,0,22,0,80,15,0,0,0,0,0,0,0,0,0
EP1_0009,0,10,30,0,0,15,0,0,0,0,0,0,0,0,0
EP1_0010,0,26,30,0,80,0,0,0,0,0,0,0,0,0,0
EP1_0011,0,0,0,0,0,0,0,0,0,0,0,0,0,0,0
EP1_0012,35,10,22,0,80,0,80,0,0,0,0,0,0,0,0
EP1_0013,0,45,0,0,80,0,64,0,0,0,80,0,0,0,28
EP1_0014,13,45,30,0,80,0,80,0,0,0,46,0,42,0,28
EP1_0015,0,25,22,0,80,0,0,0,0,0,0,0,0,0,0
EP1_0016,0,0,30,0,80,0,0,0,0,0,10,0,0,0,0
EP1_0017,0,17,30,0,80,0,0,0,0,47,80,0,0,0,0
EP1_0018,0,25,42,0,80,0,0,0,0,0,0,0,0,0,0
EP1_0019,0,0,22,0,0,0,0,0,0,0,0,0,0,0,0
EP1_0020,0,0,0,0,80,0,0,0,0,0,0,0,0,0,0
EP1_0021,0,10,42,0,0,0,0,0,0,0,0,0,0,0,0
EP1_0022,0,0,30,0,80,0,0,0,0,0,0,0,0,30,0
EP1_0023,0,17,0,0,0,0,0,0,0,0,0,0,0,0,0
EP1_0024,3,10,30,18,56,0,0,0,0,0,0,0,0,0,0
EP1_0025,0,10,63,27,80,0,0,0,0,0,0,0,0,0,0
EP1_0026,64,0,0,0,80,0,80,0,0,0,0,0,0,0,0
EP1_0027,0,10,42,0,80,0,0,0,0,0,0,0,0,2,0
EP1_0028,0,30,63,0,0,0,0,0,0,0,80,0,0,0,0
EP1_0029,0,0,20,0,0,15,0,0,0,0,0,0,0,2,0
EP1_0030,0,25,13,0,56,0,0,0,0,0,0,0,0,0,0
EP1_0031,13,35,30,0,80,0,80,0,0,0,80,0,42,0,28
EP1_0032,13,0,8,0,0,0,64,0,0,0,0,0,0,0,0
EP1_0033,0,10,30,0,0,0,0,0,0,0,0,0,0,0,0
EP1_0034,0,0,0,0,0,0,0,0,0,0,0,0,0,0,0
EP1_0035,0,13,30,0,24,0,0,0,0,0,46,0,0,0,0
EP1_0036,0,10,8,0,0,0,0,0,0,0,0,0,0,0,0
EP1_0037,0,25,34,12,80,0,0,0,0,0,0,0,0,0,0
EP1_0038,3,0,30,12,39,0,0,0,0,0,0,0,0,0,0
EP1_0039,0,21,8,0,80,0,0,0,0,0,46,0,0,0,0
EP1_0040,0,15,30,0,0,0,0,0,0,0,0,0,0,0,0
EP1_0041,0,10,30,0,80,0,0,0,0,0,0,0,0,0,0
EP1_0042,0,10,22,0,0,0,0,0,0,0,0,0,0,0,0
EP1_0043,0,0,42,26,80,0,0,0,0,0,0,0,0,0,0
EP1_0044,35,45,30,0,80,0,80,0,0,0,80,0,17,0,0
EP1_0045,0,10,22,0,0,0,80,0,0,0,0,0,0,0,0
EP1_0046,0,10,22,0,41,0,0,0,0,0,0,0,0,0,0
EP1_0047,0,10,30,0,80,0,0,0,0,0,0,0,0,0,0
EP1_0048,0,25,39,0,0,0,0,0,0,0,0,0,0,0,0
EP1_0049,13,15,8,0,0,0,0,0,0,0,0,0,0,0,0
FP1_0000,0,0,30,0,24,0,0,0,0,0,0,0,0,0,0
FP1_0001,0,0,42,0,80,0,0,0,0,0,80,0,0,0,0
FP1_0002,0,0,0,0,0,0,0,0,0,0,0,0,0,0,0
FP1_0003,0,0,0,0,0,0,0,0,0,0,0,0,0,0,0
FP1_0004,0,0,39,0,0,0,0,0,0,0,0,0,0,0,0
FP1_0005,13,0,30,0,80,0,0,0,0,0,80,0,0,0,0
FP1_0006,0,0,8,0,80,0,0,0,0,0,0,0,0,0,0
FP1_0007,0,0,47,0,80,0,0,0,0,0,0,0,0,0,0
FP1_0008,0,0,30,0,80,0,0,0,0,0,10,0,0,0,0
FP1_0009,0,0,30,0,0,0,0,0,0,0,0,0,0,0,0
FP1_0010,0,0,8,0,15,0,0,0,0,0,80,0,0,0,0
FP1_0011,0,0,30,0,0,0,0,0,0,0,34,0,0,0,0
FP1_0012,0,0,8,0,0,0,0,0,0,0,0,0,0,0,0
FP1_0013,0,0,8,0,0,0,0,0,0,0,0,0,0,0,0
FP1_0014,0,0,12,0,24,0,0,0,0,0,0,0,0,0,0
FP1_0015,0,10,34,0,41,0,0,0,0,0,0,0,0,0,0
FP1_0016,0,0,30,0,24,0,0,0,0,0,0,0,0,0,0
FP1_0017,0,0,0,0,0,0,0,0,0,0,0,0,0,0,0
FP1_0018,0,0,30,0,80,0,0,0,0,0,0,0,0,0,0
FP1_0019,0,0,34,0,24,0,0,0,0,29,0,0,0,0,0
FP1_0020,0,0,63,0,80,0,0,0,0,0,0,0,0,0,0
FP1_0021,0,0,63,0,24,0,0,0,0,0,0,0,0,0,0
FP1_0022,0,0,22,0,80,0,0,0,0,0,0,0,0,0,0
FP1_0023,0,0,22,0,0,0,0,0,0,0,0,0,0,0,0
FP1_0024,0,0,42,0,80,0,0,0,0,0,10,0,0,30,0
FP1_0025,0,0,34,0,0,0,0,0,0,0,0,0,0,0,0
FP1_0026,0,0,47,0,24,0,0,0,0,0,0,0,0,0,0
FP1_0027,0,0,30,0,0,0,0,0,0,0,0,0,0,0,0
FP1_0028,0,0,0,0,80,0,0,0,0,0,80,0,0,0,0
FP1_0029,0,0,0,0,0,0,0,0,0,0,0,0,0,30,0
FP1_0030,0,0,20,0,0,0,0,0,0,0,46,0,0,0,0
FP1_0031,0,0,30,0,24,0,0,0,0,0,0,0,0,0,0
FP1_0032,0,0,42,0,41,0,0,0,0,0,0,0,0,30,0
FP1_0033,0,0,42,0,80,0,0,0,0,0,0,0,0,0,0
FP1_0034,0,0,5,0,24,0,0,0,0,0,0,0,0,0,0
FP1_0035,0,0,42,0,80,0,0,0,0,0,80,0,0,0,0
FP1_0036,0,0,8,0,0,0,0,0,0,0,0,0,0,0,0
FP1_0037,0,0,47,0,80,0,0,0,0,0,0,0,0,0,0
FP1_0038,0,0,22,0,80,0,0,0,0,0,56,0,0,0,0
FP1_0039,0,0,63,0,0,0,0,0,0,0,0,0,0,0,0
FP1_0040,0,0,34,0,0,0,0,0,0,28,0,0,0,0,0
FP1_0041,0,0,8,0,80,0,0,0,0,0,46,0,0,0,0
FP1_0042,0,0,30,0,80,0,0,0,0,0,0,0,0,0,0
FP1_0043,0,0,63,0,80,0,0,0,0,29,0,0,0,0,0
FP1_0044,0,0,30,0,80,0,0,0,0,29,0,0,0,0,0
FP1_0045,0,0,42,0,24,0,0,0,0,28,0,0,0,0,0
FP1_0046,0,0,42,0,80,0,0,0,0,0,0,0,0,0,0
FP1_0047,0,0,30,0,80,0,0,0,0,0,0,0,0,0,0
FP1_0048,0,0,8,0,0,0,0,0,0,0,0,0,0,0,0
FP1_0049,0,0,30,0,0,21,0,0,0,0,0,0,0,0,0
HP1_0000,0,0,30,6,80,0,0,0,0,0,80,0,0,0,0
HP1_0001,0,0,0,12,80,0,0,0,0,0,10,0,0,0,0
HP1_0002,0,0,0,0,80,0,0,0,0,0,0,0,0,0,0
HP1_0003,3,0,0,26,80,0,0,0,0,0,0,0,0,0,0
HP1_0004,0,0,0,12,80,0,0,0,0,0,10,0,23,0,0
HP1_0005,0,0,0,17,80,0,0,0,0,0,0,0,0,0,0
HP1_0006,0,0,30,24,80,59,0,0,0,0,0,0,0,0,0
HP1_0007,0,0,0,0,80,0,0,0,0,0,0,0,0,0,0
HP1_0008,13,0,0,12,80,0,0,0,0,0,0,0,0,0,0
HP1_0009,0,0,0,3,80,0,0,0,0,0,10,0,0,0,0
HP1_0010,0,0,0,30,80,0,0,0,0,0,0,0,0,0,0
HP1_0011,0,0,0,9,80,0,0,0,0,0,0,0,0,0,0
HP1_0012,0,0,0,3,80,0,0,0,0,0,0,0,0,0,0
HP1_0013,0,0,0,12,80,0,0,0,0,0,0,0,0,0,0
HP1_0014,0,0,0,15,80,0,0,0,0,0,10,0,0,0,0
HP1_0015,0,0,0,12,80,0,0,0,0,0,10,0,0,0,0
HP1_0016,0,0,0,15,80,0,0,0,0,0,0,0,0,0,0
HP1_0017,3,0,0,12,56,0,0,0,0,0,0,0,0,0,0
HP1_0018,0,0,0,27,80,0,0,0,0,0,0,0,0,0,0
HP1_0019,0,0,0,15,80,0,0,0,0,0,10,0,6,0,0
HP1_0020,13,0,0,12,80,0,0,0,0,0,0,0,0,0,0
HP1_0021,13,0,0,15,80,47,0,0,0,0,34,0,0,0,0
HP1_0022,0,0,0,3,80,0,0,0,0,0,0,0,0,0,0
HP1_0023,3,0,0,30,80,0,0,0,0,0,0,0,0,0,0
HP1_0024,3,0,0,12,80,0,0,0,0,0,0,0,0,0,0
HP1_0025,0,0,0,20,80,0,0,0,0,0,0,0,0,0,0
HP1_0026,0,0,0,3,80,0,0,0,0,0,0,0,0,0,0
HP1_0027,0,0,22,15,80,0,0,0,0,0,0,0,0,0,0
HP1_0028,0,0,0,3,80,0,0,0,0,0,10,0,0,0,0
HP1_0029,0,0,0,15,80,0,0,0,0,0,10,0,0,0,0
HP1_0030,0,0,0,15,80,0,0,0,0,0,0,0,0,0,0
HP1_0031,0,0,0,17,80,0,0,0,0,0,0,0,0,0,0
HP1_0032,0,0,30,36,80,0,0,0,0,0,0,0,0,0,0
HP1_0033,0,0,0,9,80,0,0,0,0,0,0,0,0,0,0
HP1_0034,0,0,0,15,0,0,0,0,0,0,0,0,0,0,0
HP1_0035,0,0,8,12,0,0,0,0,0,0,0,0,0,0,0
HP1_0036,0,0,0,12,80,0,0,0,0,0,10,0,0,0,0
HP1_0037,0,0,0,18,80,0,0,0,0,0,0,0,0,0,0
HP1_0038,0,0,0,3,0,0,0,0,0,0,10,0,0,0,0
HP1_0039,0,0,0,3,24,0,0,0,0,0,0,0,0,0,0
HP1_0040,35,0,0,3,80,0,80,0,0,0,10,0,0,0,0
HP1_0041,0,0,0,3,80,0,0,0,0,0,0,0,0,0,0
HP1_0042,3,0,0,30,80,21,0,0,0,0,0,0,0,0,0
HP1_0043,0,0,0,0,80,0,0,0,0,0,0,0,0,0,0
HP1_0044,0,0,0,9,41,0,0,0,0,0,0,0,0,0,0
HP1_0045,0,0,30,9,65,0,0,0,0,0,0,0,0,0,0
HP1_0046,13,0,0,3,80,0,0,0,0,0,0,0,0,0,0
HP1_0047,0,0,0,3,80,0,0,0,0,0,0,0,0,0,0
HP1_0048,0,0,0,9,80,0,0,0,0,0,0,0,0,0,0
HP1_0049,0,0,0,12,80,0,0,0,0,0,0,0,0,0,0
IP1_0000,0,0,0,0,80,0,0,0,0,0,0,0,0,0,0
IP1_0001,0,0,0,0,0,0,0,0,0,0,0,0,0,0,0
IP1_0002,0,0,0,0,0,0,0,0,0,0,0,0,0,0,0
IP1_0003,0,0,0,0,80,0,0,0,0,0,0,0,0,0,0
IP1_0004,0,0,0,0,80,0,0,0,0,0,0,0,0,0,0
IP1_0005,0,0,0,0,80,0,0,0,0,0,0,0,0,0,0
IP1_0006,0,0,0,0,80,0,0,0,0,0,0,0,0,0,0
IP1_0007,0,0,0,0,80,0,0,0,0,0,0,0,0,0,0
IP1_0008,0,0,0,0,80,0,0,0,0,0,0,0,0,0,0
IP1_0009,0,0,0,0,80,0,0,0,0,0,0,0,0,0,0
IP1_0010,0,0,0,0,0,0,0,0,0,0,0,0,0,0,0
IP1_0011,0,0,0,0,80,0,0,0,0,0,0,0,0,0,0
IP1_0012,0,0,0,0,80,0,0,0,0,0,0,0,0,0,0
IP1_0013,0,0,0,0,80,0,0,0,0,0,0,0,0,0,0
IP1_0014,0,0,0,0,80,0,0,0,0,0,0,0,0,0,0
IP1_0015,0,0,0,0,80,0,0,0,0,0,0,0,0,0,0
IP1_0016,0,0,0,0,80,0,0,0,0,0,0,0,0,0,0
IP1_0017,0,0,0,0,80,0,0,0,0,0,0,0,0,0,0
IP1_0018,0,0,0,0,80,0,0,0,0,0,0,0,0,0,0
IP1_0019,0,0,0,0,80,0,0,0,0,0,0,0,0,0,0
IP1_0020,0,0,0,0,80,0,0,0,0,0,0,0,0,0,0
IP1_0021,0,0,0,0,80,0,0,0,0,0,0,0,0,0,0
IP1_0022,0,0,0,0,80,0,0,0,0,0,0,0,0,0,0
IP1_0023,0,0,0,0,0,0,0,0,0,0,0,0,0,0,0
IP1_0024,0,0,0,0,80,0,0,0,0,0,0,0,0,0,0
IP1_0025,0,0,0,0,80,0,0,0,0,0,0,0,0,0,0
IP1_0026,0,0,0,0,80,0,0,0,0,0,0,0,0,0,0
IP1_0027,0,0,0,0,80,0,0,0,0,0,0,0,0,0,0
IP1_0028,0,0,0,0,80,0,0,0,0,0,0,0,0,0,0
IP1_0029,0,0,0,0,56,0,0,0,0,0,0,0,0,0,0
IP1_0030,0,0,0,0,80,0,0,0,0,0,0,0,0,0,0
IP1_0031,0,0,0,0,80,0,0,0,0,0,0,0,0,0,0
IP1_0032,0,0,0,0,80,0,0,0,0,0,0,0,0,0,0
IP1_0033,0,0,0,0,80,0,0,0,0,0,0,0,0,0,0
IP1_0034,0,0,0,0,80,0,0,0,0,0,0,0,0,0,0
IP1_0035,0,0,0,0,80,0,0,0,0,0,0,0,0,0,0
IP1_0036,0,0,0,0,80,0,0,0,0,0,0,0,0,0,0
IP1_0037,0,0,0,0,80,0,0,0,0,0,0,0,0,0,0
IP1_0038,0,0,0,0,80,0,0,0,0,0,0,0,0,0,0
IP1_0039,0,0,0,0,80,0,0,0,0,0,0,0,0,0,0
IP1_0040,0,0,0,0,80,0,0,0,0,0,0,0,0,0,0
IP1_0041,0,0,0,0,80,0,0,0,0,0,0,0,0,0,0
IP1_0042,0,0,0,0,80,0,0,0,0,0,0,0,0,0,0
IP1_0043,0,0,0,0,80,0,0,0,0,0,0,0,0,0,0
IP1_0044,0,0,0,0,80,0,0,0,0,0,0,0,0,0,0
IP1_0045,0,0,0,0,80,0,0,0,0,0,0,0,0,0,0
IP1_0046,0,0,0,0,80,0,0,0,0,0,0,0,0,0,0
IP1_0047,0,0,0,0,80,0,0,0,0,0,0,0,0,0,0
IP1_0048,0,0,0,0,80,0,0,0,0,0,0,0,0,0,0
IP1_0049,0,0,0,0,0,0,0,0,0,0,0,0,0,0,0
KP1_0000,0,0,0,0,80,33,0,0,0,0,24,0,0,0,0
KP1_0001,0,0,0,0,0,33,0,0,0,0,24,0,0,0,0
KP1_0002,0,0,0,0,0,7,0,0,0,0,0,0,0,0,0
KP1_0003,0,0,0,0,80,33,0,0,0,0,80,0,0,0,0
KP1_0004,0,0,0,0,80,0,0,0,0,0,0,0,0,0,0
KP1_0005,0,0,0,0,80,33,0,0,0,0,80,0,0,0,0
KP1_0006,0,0,0,0,0,7,0,0,0,0,0,0,0,0,0
KP1_0007,0,0,0,0,0,7,0,0,0,0,0,0,0,0,0
KP1_0008,0,0,0,0,0,7,0,0,0,0,0,0,0,0,0
KP1_0009,0,0,30,15,80,15,0,0,0,0,0,0,0,0,0
KP1_0010,0,0,0,0,65,7,0,0,0,0,34,0,0,0,0
KP1_0011,0,0,0,0,80,7,0,0,0,0,34,0,0,0,0
KP1_0012,0,0,0,0,0,0,0,0,0,0,0,0,0,0,0
KP1_0013,0,0,0,0,80,0,0,0,0,0,0,0,0,0,0
KP1_0014,0,0,0,0,24,15,0,0,0,0,0,0,0,0,0
KP1_0015,0,0,0,0,80,33,0,0,0,0,24,0,0,0,0
KP1_0016,0,0,0,0,80,26,0,0,0,0,0,0,0,0,0
KP1_0017,0,0,0,0,80,15,0,0,0,0,0,0,0,0,0
KP1_0018,0,0,0,0,24,7,0,0,0,0,10,0,0,0,0
KP1_0019,0,0,0,0,0,28,80,0,0,0,0,0,0,0,0
KP1_0020,0,0,0,0,80,28,0,0,0,29,0,0,0,0,0
KP1_0021,0,0,0,0,80,33,0,0,0,0,0,0,0,0,0
KP1_0022,0,0,22,0,80,59,0,0,0,0,80,0,0,0,0
KP1_0023,0,0,0,0,0,7,0,0,0,0,0,0,0,0,0
KP1_0024,0,0,0,0,0,7,0,0,0,0,0,0,0,0,0
KP1_0025,0,0,0,0,24,0,0,0,0,0,0,0,0,0,0
KP1_0026,0,0,0,0,0,54,0,0,0,0,0,0,0,0,0
KP1_0027,0,0,0,0,41,28,80,0,0,0,0,0,0,0,0
KP1_0028,0,0,0,0,80,59,0,0,0,0,0,0,0,0,0
KP1_0029,0,0,0,0,80,8,0,0,0,0,80,0,0,0,0
KP1_0030,0,0,0,0,80,36,0,0,0,0,10,0,0,0,0
KP1_0031,0,0,0,0,0,7,0,0,0,0,0,0,0,0,0
KP1_0032,0,0,0,0,0,0,0,0,0,0,0,0,0,0,0
KP1_0033,0,0,0,0,0,7,0,0,0,0,0,0,0,0,0
KP1_0034,0,0,0,0,80,0,0,0,0,0,10,0,0,0,0
KP1_0035,0,0,0,0,80,7,0,0,0,0,10,0,0,0,0
KP1_0036,0,0,0,0,80,7,0,0,0,0,0,0,0,0,0
KP1_0037,0,0,0,0,80,0,0,0,0,0,0,0,0,0,0
KP1_0038,0,0,0,0,0,0,0,0,0,0,0,0,0,0,0
KP1_0039,0,0,0,0,80,21,0,0,0,0,0,0,0,0,0
KP1_0040,0,0,0,0,80,21,0,0,0,29,0,0,0,0,0
KP1_0041,0,0,0,0,24,15,0,0,0,0,0,0,0,0,0
KP1_0042,0,0,0,0,80,59,0,0,0,0,24,0,0,0,0
KP1_0043,0,0,0,0,0,7,0,0,0,0,0,0,0,0,0
KP1_0044,0,0,0,0,0,0,0,0,0,0,0,0,0,0,0
KP1_0045,0,0,0,0,0,0,80,0,0,0,0,0,0,0,0
KP1_0046,0,0,0,0,56,0,0,0,0,0,0,0,0,0,0
KP1_0047,0,0,0,0,65,0,0,0,0,0,0,0,0,0,0
KP1_0048,0,0,0,0,0,0,0,0,0,0,0,0,0,0,0
KP1_0049,0,0,0,0,80,7,0,0,0,0,0,0,0,0,0
LP1_0000,0,0,0,0,41,0,80,0,0,0,0,0,0,0,0
LP1_0001,0,0,0,0,0,0,80,0,0,0,0,0,0,0,0
LP1_0002,0,0,0,0,24,0,0,0,0,0,0,0,0,0,0
LP1_0003,0,0,0,0,80,0,80,0,0,0,0,0,0,0,0
LP1_0004,0,0,0,0,80,0,0,0,0,0,0,0,0,0,0
LP1_0005,0,0,0,0,41,0,0,0,0,0,0,0,0,0,0
LP1_0006,0,0,0,0,0,0,0,0,0,0,0,0,0,0,0
LP1_0007,0,0,0,0,80,0,80,0,0,0,0,0,0,0,0
LP1_0008,0,0,0,0,0,0,0,0,0,0,0,0,0,0,0
LP1_0009,0,0,0,0,65,0,0,0,0,0,0,0,0,0,0
LP1_0010,0,0,0,0,80,0,80,0,0,0,0,0,0,0,0
LP1_0011,0,0,0,0,65,0,16,0,0,0,0,0,0,0,0
LP1_0012,0,0,0,0,80,0,80,0,0,0,0,0,0,0,0
LP1_0013,0,0,0,0,0,0,80,0,0,0,0,0,0,0,0
LP1_0014,0,0,0,0,0,0,0,0,0,0,0,0,0,0,0
LP1_0015,0,0,0,0,0,0,80,0,0,0,0,0,0,0,0
LP1_0016,0,0,0,0,80,0,80,0,0,0,0,0,0,0,0
LP1_0017,0,0,0,0,80,0,0,0,0,0,0,0,0,0,0
LP1_0018,0,0,0,0,0,0,80,0,0,0,0,0,0,0,0
LP1_0019,0,0,0,0,24,0,80,0,0,0,0,0,0,0,0
LP1_0020,0,0,0,0,80,0,80,0,0,0,0,0,0,0,0
LP1_0021,0,0,0,0,80,0,80,0,0,0,0,0,0,0,0
LP1_0022,0,0,0,0,24,0,0,0,0,0,0,0,0,0,0
LP1_0023,0,0,0,0,0,0,80,0,0,0,0,0,0,0,0
LP1_0024,0,0,0,0,0,0,0,0,0,0,0,0,0,0,0
LP1_0025,0,0,0,0,0,0,80,0,0,0,0,0,0,0,0
LP1_0026,0,0,0,0,0,0,80,0,0,0,0,0,0,0,0
LP1_0027,0,0,0,0,0,0,80,0,0,0,0,0,0,0,0
LP1_0028,0,0,0,0,80,0,80,0,0,0,0,0,0,0,0
LP1_0029,0,0,0,0,80,0,80,0,0,0,0,0,0,0,0
LP1_0030,0,0,0,0,24,0,0,0,0,0,0,0,0,0,0
LP1_0031,0,0,0,0,24,0,80,0,0,0,0,0,0,0,0
LP1_0032,0,0,0,0,80,0,80,0,0,0,0,0,0,0,0
LP1_0033,0,0,0,0,80,0,80,0,0,0,0,0,0,0,0
LP1_0034,0,0,0,0,80,0,80,0,0,0,0,0,0,0,0
LP1_0035,0,0,0,0,80,0,80,0,0,0,0,0,0,0,0
LP1_0036,0,0,0,0,80,0,80,0,0,0,0,0,0,0,0
LP1_0037,0,0,0,0,80,0,80,0,0,0,0,0,0,0,0
LP1_0038,0,0,0,0,80,0,80,0,0,0,0,0,0,0,0
LP1_0039,0,0,0,0,80,0,80,0,0,0,0,0,0,0,0
LP1_0040,0,0,0,0,80,0,80,0,0,0,0,0,0,0,0
LP1_0041,0,0,0,0,80,0,0,0,0,0,0,0,0,0,0
LP1_0042,0,0,0,0,0,0,80,0,0,0,0,0,0,0,0
LP1_0043,0,0,0,0,0,0,0,0,0,0,0,0,0,0,0
LP1_0044,0,0,0,0,80,0,80,0,0,0,0,0,0,0,0
LP1_0045,0,0,0,0,0,0,80,0,0,0,0,0,0,0,0
LP1_0046,0,0,0,0,56,0,80,0,0,0,0,0,0,0,0
LP1_0047,0,0,0,0,0,0,80,0,0,0,0,0,0,0,0
LP1_0048,0,0,0,0,0,0,80,0,0,0,0,0,0,0,0
LP1_0049,0,0,0,0,0,0,80,0,0,0,0,0,0,0,0
MP1_0000,0,0,0,0,0,15,0,0,0,0,0,0,0,0,0
MP1_0001,0,0,0,0,0,0,0,0,0,0,0,0,0,0,0
MP1_0002,0,0,0,0,0,0,0,74,0,0,0,0,0,78,0
MP1_0003,0,0,0,0,0,0,0,6,0,0,0,0,0,0,0
MP1_0004,0,0,0,0,0,41,0,0,0,0,0,0,0,0,0
MP1_0005,0,0,0,0,0,0,0,33,0,0,0,0,61,0,0
MP1_0006,0,0,0,0,0,0,0,0,0,0,56,0,0,0,0
MP1_0007,0,0,0,0,24,0,0,0,0,0,0,0,0,0,0
MP1_0008,0,0,0,0,0,0,0,27,0,0,10,0,0,78,0
MP1_0009,0,0,0,0,0,0,0,0,0,0,0,0,0,0,0
MP1_0010,0,0,0,3,24,0,0,6,0,0,0,0,61,0,0
MP1_0011,0,0,0,3,0,0,0,0,0,0,0,0,0,0,0
MP1_0012,0,0,0,0,0,0,0,27,0,0,0,0,0,0,0
MP1_0013,0,0,0,0,0,0,0,0,0,0,0,0,0,0,0
MP1_0014,0,0,27,0,0,0,0,27,0,29,0,0,0,26,0
MP1_0015,0,0,0,0,41,0,0,27,0,0,10,0,44,78,0
MP1_0016,0,0,0,0,0,0,0,0,0,0,0,0,0,0,0
MP1_0017,0,0,0,0,0,0,0,27,0,0,0,0,0,0,0
MP1_0018,0,0,0,0,0,0,0,0,0,0,34,0,0,32,0
MP1_0019,0,0,0,0,56,0,0,33,0,0,10,0,61,0,0
MP1_0020,0,0,0,0,0,0,0,0,0,0,0,0,0,0,0
MP1_0021,0,0,0,0,0,0,0,0,0,0,0,0,0,0,0
MP1_0022,0,0,0,0,0,0,0,74,0,0,0,0,0,80,0
MP1_0023,0,0,0,3,0,0,0,0,0,0,0,0,0,0,0
MP1_0024,0,0,0,0,80,0,0,0,0,0,10,0,0,0,0
MP1_0025,0,0,0,0,0,0,0,0,0,0,0,0,0,0,0
MP1_0026,0,0,0,0,41,0,0,0,0,0,0,0,0,0,0
MP1_0027,0,0,0,0,24,0,0,0,0,0,10,0,0,0,0
MP1_0028,0,0,0,0,0,0,0,0,0,0,0,0,0,0,0
MP1_0029,0,0,0,0,0,0,0,0,0,0,0,0,0,0,0
MP1_0030,0,0,0,0,0,0,0,0,0,0,0,0,0,0,0
MP1_0031,0,0,0,0,0,0,0,27,0,0,0,0,0,78,0
MP1_0032,0,0,0,0,0,0,0,0,0,0,10,0,44,0,0
MP1_0033,0,0,0,0,0,0,0,74,0,0,80,0,0,30,0
MP1_0034,0,0,0,0,0,0,0,0,0,0,0,0,0,0,0
MP1_0035,0,0,0,0,24,0,0,6,0,0,0,0,61,0,0
MP1_0036,0,0,0,0,0,0,0,0,0,0,0,0,0,0,0
MP1_0037,0,0,0,0,65,0,0,27,0,0,0,0,0,48,0
MP1_0038,0,0,0,0,0,0,0,27,0,0,0,0,0,78,0
MP1_0039,0,0,0,0,24,0,0,33,0,0,0,0,61,0,0
MP1_0040,0,0,0,0,80,0,0,74,0,0,0,0,0,78,0
MP1_0041,0,0,0,0,24,0,0,27,0,0,0,0,0,0,0
MP1_0042,0,0,0,0,0,0,0,74,0,0,0,0,0,30,0
MP1_0043,0,0,0,0,0,0,0,6,0,0,0,0,0,0,0
MP1_0044,0,0,0,0,0,0,0,27,0,0,0,0,0,30,0
MP1_0045,0,0,0,0,24,21,0,6,0,0,0,0,0,0,0
MP1_0046,0,0,0,0,0,26,0,0,0,0,0,0,0,2,0
MP1_0047,0,0,0,0,0,0,0,6,0,0,0,0,0,0,0
MP1_0048,0,0,0,0,0,0,0,33,0,0,10,0,0,78,0
MP1_0049,0,0,0,0,0,0,0,6,0,0,0,0,61,0,0
NP1_0000,0,0,0,0,80,0,80,0,80,0,80,0,44,0,74
NP1_0001,0,0,0,0,24,0,80,0,80,0,0,0,0,0,0
NP1_0002,0,0,0,0,80,0,80,0,80,0,80,0,80,0,58
NP1_0003,0,0,0,0,80,0,80,0,0,0,0,0,0,0,0
NP1_0004,0,0,0,0,0,0,0,0,0,0,0,0,0,0,0
NP1_0005,0,0,0,0,65,0,80,0,80,0,80,0,0,0,0
NP1_0006,0,0,0,0,0,0,80,0,0,0,10,0,0,0,0
NP1_0007,0,0,0,0,0,0,80,0,80,0,0,0,0,0,0
NP1_0008,0,0,0,0,80,0,0,0,0,0,80,0,61,0,0
NP1_0009,0,0,0,0,80,0,80,0,49,0,0,0,0,0,0
NP1_0010,0,0,0,0,80,0,80,0,0,0,80,0,0,0,0
NP1_0011,0,0,0,0,80,0,0,0,0,0,10,0,0,0,0
NP1_0012,0,0,0,0,0,0,0,0,0,0,10,0,0,0,0
NP1_0013,0,0,0,0,0,0,0,0,0,0,0,0,0,0,0
NP1_0014,0,0,0,0,0,0,80,0,0,29,0,0,0,0,0
NP1_0015,0,0,0,0,80,0,80,0,80,0,34,0,0,0,0
NP1_0016,0,0,0,0,0,0,80,0,0,0,10,0,0,0,0
NP1_0017,0,0,0,0,80,0,80,0,80,0,80,0,61,0,80
NP1_0018,0,0,0,0,80,0,80,0,0,28,10,0,0,0,0
NP1_0019,0,0,0,0,0,0,0,0,0,0,0,0,61,0,0
NP1_0020,0,0,0,0,80,0,80,0,80,0,80,0,80,0,74
NP1_0021,0,0,0,0,80,0,0,0,0,0,80,0,61,0,0
NP1_0022,0,0,0,0,80,0,80,0,0,0,10,0,0,0,0
NP1_0023,0,0,0,0,80,0,0,0,80,0,80,0,44,0,80
NP1_0024,0,0,0,0,80,0,80,0,80,0,80,0,40,0,80
NP1_0025,0,0,0,0,80,0,80,0,80,0,80,0,0,0,0
NP1_0026,0,0,0,0,0,0,80,0,0,0,0,0,0,0,0
NP1_0027,0,0,0,0,80,0,80,0,0,0,10,0,0,0,0
NP1_0028,0,0,0,0,80,0,80,0,80,0,80,0,0,0,0
NP1_0029,0,0,0,0,80,0,80,0,80,0,10,0,0,0,0
NP1_0030,0,0,0,0,80,0,80,0,80,0,80,0,0,0,0
NP1_0031,0,0,0,0,80,0,0,0,0,0,80,0,61,0,0
NP1_0032,0,0,0,0,80,0,0,0,0,0,80,0,0,0,0
NP1_0033,0,0,0,0,80,0,80,0,80,0,34,0,0,0,0
NP1_0034,0,0,0,0,80,0,0,0,0,0,0,0,0,0,0
NP1_0035,0,0,0,0,80,0,80,0,80,0,80,0,80,0,80
NP1_0036,0,0,0,0,80,0,0,0,0,0,80,0,23,0,0
NP1_0037,0,0,0,0,80,0,80,0,0,0,80,0,17,0,0
NP1_0038,0,0,0,0,80,0,80,0,0,0,10,0,80,0,0
NP1_0039,0,0,0,0,15,0,80,0,0,0,10,0,61,0,0
NP1_0040,0,0,0,0,80,0,80,0,0,0,10,0,0,0,0
NP1_0041,0,0,0,0,80,0,80,0,0,0,10,0,80,0,0
NP1_0042,0,0,0,0,80,0,80,0,0,0,0,0,0,0,0
NP1_0043,0,0,0,0,80,0,80,0,80,0,0,0,0,0,0
NP1_0044,0,0,0,0,80,0,0,0,0,0,80,0,61,0,0
NP1_0045,0,0,0,0,80,0,80,0,80,0,80,0,0,0,0
NP1_0046,0,0,0,0,80,0,80,0,80,0,80,0,80,0,58
NP1_0047,0,0,0,0,24,0,80,0,80,0,0,0,59,0,44
NP1_0048,0,0,0,0,0,0,0,0,0,0,0,0,0,0,0
NP1_0049,0,0,0,0,0,0,80,0,80,0,0,0,0,0,0
TP1_0000,0,0,0,0,80,0,0,0,0,29,10,0,0,0,0
TP1_0001,0,0,0,0,80,0,0,0,0,0,0,0,0,0,0
TP1_0002,0,0,0,0,80,0,0,0,0,80,80,0,0,0,0
TP1_0003,0,0,0,0,80,0,0,0,0,29,10,0,0,0,0
TP1_0004,0,0,0,0,80,0,0,0,0,0,0,0,0,0,0
TP1_0005,0,0,0,0,80,0,0,0,0,0,0,0,0,0,0
TP1_0006,0,0,0,0,80,0,0,0,0,0,0,0,0,0,0
TP1_0007,0,0,0,0,80,0,0,0,0,28,10,0,0,0,0
TP1_0008,0,0,0,0,80,0,0,0,0,80,80,0,0,0,0
TP1_0009,0,0,0,0,80,0,0,0,0,80,80,0,0,0,0
TP1_0010,0,0,0,0,80,0,0,0,0,29,10,0,0,0,0
TP1_0011,0,0,0,0,80,0,0,0,0,29,10,0,0,0,0
TP1_0012,0,0,0,0,80,0,0,0,0,0,0,0,0,0,0
TP1_0013,0,0,0,0,80,0,0,0,0,0,0,0,0,0,0
TP1_0014,0,0,0,0,80,0,0,0,0,0,10,0,0,0,0
TP1_0015,0,0,0,0,80,0,0,0,0,28,0,0,0,0,0
TP1_0016,0,0,0,0,80,0,0,0,0,28,0,0,0,0,0
TP1_0017,0,0,0,0,80,0,0,0,0,28,10,0,0,0,0
TP1_0018,0,0,0,0,80,0,0,0,0,0,10,0,0,0,0
TP1_0019,0,0,0,0,80,0,0,0,0,28,10,0,0,0,0
TP1_0020,0,0,0,0,80,0,0,0,0,28,0,0,0,0,0
TP1_0021,0,0,0,0,80,0,0,0,0,0,0,0,0,0,0
TP1_0022,0,0,0,0,80,0,0,0,0,29,0,0,0,0,0
TP1_0023,0,0,0,0,80,0,0,0,0,0,0,0,0,0,0
TP1_0024,0,0,0,0,80,0,0,0,0,0,0,0,0,0,0
TP1_0025,0,0,0,0,80,0,0,0,0,0,0,0,0,0,0
TP1_0026,0,0,0,0,80,0,0,0,0,28,10,0,0,0,0
TP1_0027,0,0,0,0,80,0,0,0,0,28,10,0,0,0,0
TP1_0028,0,0,0,0,80,0,0,0,0,80,80,0,0,0,0
TP1_0029,0,0,0,0,80,0,0,0,0,28,10,0,0,0,0
TP1_0030,0,0,0,0,80,0,0,0,0,0,0,0,0,0,0
TP1_0031,0,0,0,0,80,0,0,0,0,0,0,0,0,0,0
TP1_0032,0,0,0,0,80,0,0,0,0,28,10,0,0,0,0
TP1_0033,0,0,0,0,80,0,0,0,0,28,10,0,0,0,0
TP1_0034,0,0,0,0,0,0,0,0,0,0,0,0,0,0,0
TP1_0035,0,0,0,0,80,0,0,0,0,80,80,0,0,0,0
TP1_0036,0,0,0,0,80,0,0,0,0,29,10,0,0,0,0
TP1_0037,0,0,0,0,80,0,0,0,0,0,0,0,0,0,0
TP1_0038,0,0,0,0,80,0,0,0,0,80,80,0,0,0,0
TP1_0039,0,0,0,0,80,0,0,0,0,29,10,0,0,0,0
TP1_0040,0,0,0,0,80,0,0,0,0,28,10,0,0,0,0
TP1_0041,0,0,0,0,80,0,0,0,0,29,10,0,0,0,0
TP1_0042,0,0,0,0,80,0,0,0,0,0,0,0,0,30,0
TP1_0043,0,0,0,0,80,0,0,0,0,28,10,0,0,0,0
TP1_0044,0,0,0,0,80,0,0,0,0,0,0,0,0,0,0
TP1_0045,0,0,0,0,80,0,0,0,0,29,10,0,0,0,0
TP1_0046,0,0,0,0,80,0,0,0,0,51,80,0,0,0,0
TP1_0047,0,0,0,0,56,0,0,0,0,80,80,0,0,0,0
TP1_0048,0,0,0,0,80,0,0,0,0,28,10,0,0,0,0
TP1_0049,0,0,0,0,80,0,0,0,0,0,80,0,0,0,0
VP1_0000,0,0,0,0,80,0,0,0,0,0,80,0,0,0,0
VP1_0001,0,0,0,0,80,0,0,0,0,0,80,0,0,0,0
VP1_0002,0,0,0,0,0,0,0,0,0,0,10,0,0,0,0
VP1_0003,0,0,0,0,80,0,0,0,0,0,80,0,0,0,0
VP1_0004,0,0,0,0,80,0,0,0,0,0,80,0,0,0,0
VP1_0005,0,0,0,0,80,0,0,0,0,0,10,0,0,0,0
VP1_0006,0,0,0,0,80,0,0,0,0,0,10,0,0,0,0
VP1_0007,0,0,0,0,0,0,0,0,0,0,0,0,0,0,0
VP1_0008,0,0,0,0,80,0,0,0,0,0,10,0,0,0,0
VP1_0009,0,0,0,0,80,0,0,0,0,0,80,0,0,0,0
VP1_0010,0,0,0,0,0,0,0,0,0,0,56,0,0,0,0
VP1_0011,0,0,0,0,80,0,0,0,0,0,10,0,0,0,0
VP1_0012,0,0,0,0,80,0,0,0,0,0,80,0,0,0,0
VP1_0013,0,0,0,0,80,0,0,0,0,80,80,0,0,0,0
VP1_0014,0,0,0,0,80,0,0,0,0,0,0,0,0,0,0
VP1_0015,0,0,0,0,80,0,0,0,0,28,80,0,0,0,0
VP1_0016,0,0,0,0,80,0,0,0,0,0,10,0,0,0,0
VP1_0017,0,0,0,0,0,0,0,0,0,0,80,0,0,0,0
VP1_0018,0,0,0,0,80,0,0,0,0,0,10,0,0,0,0
VP1_0019,0,0,0,0,80,0,0,0,0,0,80,0,0,0,0
VP1_0020,0,0,0,0,0,0,0,0,0,0,0,0,0,0,0
VP1_0021,0,0,0,0,80,0,0,0,0,0,80,0,0,0,0
VP1_0022,0,0,0,0,80,0,0,0,0,0,10,0,0,0,0
VP1_0023,0,0,0,0,80,0,0,0,0,0,80,0,0,0,0
VP1_0024,0,0,0,0,0,0,0,0,0,0,0,0,0,0,0
VP1_0025,0,0,0,0,0,0,0,0,0,0,80,0,0,0,0
VP1_0026,0,0,0,0,80,0,0,0,0,0,80,0,0,0,0
VP1_0027,0,0,0,0,80,0,0,0,0,0,80,0,0,0,0
VP1_0028,0,0,0,0,80,0,0,0,0,0,56,0,0,0,0
VP1_0029,0,0,0,0,0,0,0,0,0,0,80,0,0,0,0
VP1_0030,0,0,0,0,80,0,0,0,0,0,80,0,0,0,0
VP1_0031,0,0,0,0,80,0,0,0,0,0,80,0,0,0,0
VP1_0032,0,0,0,0,80,0,0,0,0,0,80,0,0,0,0
VP1_0033,0,0,0,0,80,0,0,0,0,0,80,0,0,0,0
VP1_0034,0,0,0,0,80,0,0,0,0,0,80,0,0,0,0
VP1_0035,0,0,0,0,80,0,0,0,0,0,10,0,0,0,0
VP1_0036,0,0,0,0,80,0,0,0,0,0,80,0,0,0,0
VP1_0037,0,0,0,0,80,0,0,0,0,0,10,0,0,0,0
VP1_0038,0,0,0,0,0,0,0,0,0,0,80,0,0,0,0
VP1_0039,0,0,0,0,80,0,0,0,0,0,80,0,0,0,0
VP1_0040,0,0,0,0,80,0,0,0,0,0,10,0,0,0,0
VP1_0041,0,0,0,0,80,0,0,0,0,0,10,0,0,0,0
VP1_0042,0,0,0,0,80,0,0,0,0,0,80,0,0,0,0
VP1_0043,0,0,0,0,80,0,0,0,0,0,10,0,0,0,0
VP1_0044,0,0,0,0,80,0,0,0,0,0,10,0,0,0,0
VP1_0045,0,0,0,0,80,0,0,0,0,0,10,0,0,0,0
VP1_0046,0,0,0,0,80,0,0,0,0,0,80,0,0,0,0
VP1_0047,0,0,0,0,80,0,0,0,0,0,80,0,0,0,0
VP1_0048,0,0,0,0,80,0,0,0,0,0,80,0,0,0,0
VP1_0049,0,0,0,0,80,0,0,0,0,0,80,0,0,0,0
WP1_0000,0,0,0,0,0,0,0,0,0,0,0,0,0,0,0
WP1_0001,0,0,0,0,80,0,0,0,0,19,80,51,0,0,0
WP1_0002,0,0,0,0,80,33,80,0,80,0,80,0,0,0,0
WP1_0003,0,0,0,0,80,0,0,0,0,0,10,14,0,0,0
WP1_0004,0,0,0,0,80,0,0,0,0,0,0,30,0,0,0
WP1_0005,0,0,0,0,0,0,0,0,0,0,0,30,0,0,0
WP1_0006,0,0,0,0,56,0,0,0,0,0,0,30,0,0,0
WP1_0007,0,0,0,0,80,0,80,0,0,0,10,29,0,0,0
WP1_0008,0,0,0,0,80,0,0,0,0,0,0,0,0,0,0
WP1_0009,0,0,0,0,80,0,0,0,0,0,10,29,0,0,0
WP1_0010,0,0,0,0,0,0,0,0,0,0,10,30,0,0,0
WP1_0011,0,0,0,0,80,0,0,0,0,0,0,0,0,0,0
WP1_0012,0,0,0,0,65,0,0,0,0,0,70,0,0,0,0
WP1_0013,0,0,0,0,80,0,0,0,0,0,10,30,0,0,0
WP1_0014,0,0,0,0,80,0,0,0,0,0,80,51,0,0,0
WP1_0015,0,0,0,0,80,0,0,0,0,0,0,0,0,0,0
WP1_0016,0,0,0,0,80,0,0,0,0,0,10,30,0,0,0
WP1_0017,0,0,0,0,80,0,0,0,0,0,0,14,0,0,0
WP1_0018,0,0,0,0,0,0,0,0,0,0,10,29,0,0,0
WP1_0019,0,0,0,0,65,0,0,0,0,0,80,0,0,0,0
WP1_0020,0,0,0,0,80,0,25,0,0,0,10,0,0,0,0
WP1_0021,0,0,0,0,80,0,0,0,0,0,0,30,0,0,0
WP1_0022,0,0,0,0,80,36,0,0,0,0,10,43,23,0,0
WP1_0023,0,0,0,0,80,0,0,0,0,0,0,0,0,0,0
WP1_0024,0,0,0,0,80,0,0,0,0,0,0,0,0,0,0
WP1_0025,0,0,0,0,80,0,0,0,0,0,10,14,0,0,0
WP1_0026,0,0,0,3,0,0,0,0,0,0,0,0,0,0,0
WP1_0027,0,0,0,0,80,0,0,0,0,0,10,0,0,0,0
WP1_0028,0,0,0,0,0,0,0,0,0,0,0,0,0,0,0
WP1_0029,0,0,0,0,41,0,0,27,0,0,10,14,0,78,0
WP1_0030,0,0,0,3,80,0,0,0,0,0,10,43,0,0,0
WP1_0031,0,0,0,0,0,33,0,0,0,0,0,0,0,0,0
WP1_0032,0,0,0,0,0,0,80,0,0,0,0,29,0,0,0
WP1_0033,0,0,0,0,0,0,0,0,0,19,0,21,0,0,0
WP1_0034,0,0,0,0,0,0,0,0,0,0,10,14,0,0,0
WP1_0035,0,0,0,0,0,0,0,0,0,0,0,0,0,0,0
WP1_0036,0,0,0,0,0,0,0,0,0,0,0,0,0,78,0
WP1_0037,0,0,0,0,0,0,0,0,0,0,10,29,0,0,0
WP1_0038,0,0,0,0,80,0,0,0,0,0,0,30,0,0,0
WP1_0039,0,0,0,0,56,0,55,0,0,0,10,29,0,0,0
WP1_0040,0,0,0,0,80,0,0,0,0,0,10,14,0,0,0
WP1_0041,0,0,0,0,80,0,0,0,0,0,10,14,0,0,0
WP1_0042,0,0,0,0,0,0,0,0,0,19,80,37,23,0,0
WP1_0043,0,0,0,3,24,0,0,0,0,0,0,0,0,0,0
WP1_0044,0,0,0,0,15,0,0,0,0,0,0,0,0,0,0
WP1_0045,0,0,0,0,80,0,0,0,0,0,0,0,0,0,0
WP1_0046,0,0,0,0,80,0,0,0,0,0,0,0,0,0,0
WP1_0047,0,0,0,0,80,0,80,0,0,0,10,29,0,0,0
WP1_0048,0,0,0,0,0,0,0,0,0,0,0,0,0,0,0
WP1_0049,0,0,0,0,0,0,0,0,0,0,0,0,0,0,0
XP1_0000,0,0,0,0,0,0,0,0,0,29,0,0,44,0,0
XP1_0001,0,0,0,0,24,0,80,0,0,0,0,0,42,0,0
XP1_0002,0,0,0,0,0,0,0,0,0,0,0,0,23,0,0
XP1_0003,0,0,0,0,0,0,0,0,0,0,0,0,6,0,0
XP1_0004,0,0,0,0,0,0,0,0,0,0,0,0,63,0,0
XP1_0005,0,0,0,0,0,0,0,0,0,0,0,0,25,0,0
XP1_0006,0,0,0,0,0,0,0,0,0,0,0,0,25,0,0
XP1_0007,0,0,0,0,0,0,0,0,0,0,10,0,61,0,0
XP1_0008,0,0,0,0,0,0,0,0,0,0,0,0,25,0,0
XP1_0009,0,0,0,0,0,0,0,0,0,0,0,0,44,0,0
XP1_0010,0,0,0,0,80,0,80,0,0,0,10,0,42,0,0
XP1_0011,0,0,0,0,24,0,0,0,0,0,0,0,63,0,0
XP1_0012,0,0,0,0,0,0,0,0,0,0,0,0,25,0,0
XP1_0013,0,0,0,0,0,0,0,0,0,0,0,0,6,0,0
XP1_0014,0,0,0,0,0,0,0,0,0,0,0,0,6,0,0
XP1_0015,0,0,0,0,0,0,0,0,0,0,0,0,6,0,0
XP1_0016,0,0,0,0,24,0,0,0,0,0,0,0,25,0,0
XP1_0017,0,0,0,0,80,0,0,0,0,0,0,0,6,0,0
XP1_0018,0,0,0,0,0,0,0,0,0,0,46,0,61,0,0
XP1_0019,0,0,0,0,0,0,0,0,0,0,10,0,61,0,0
XP1_0020,0,0,0,0,0,0,0,0,0,0,0,0,61,0,0
XP1_0021,0,0,0,0,0,0,0,0,0,0,0,0,44,0,0
XP1_0022,0,0,0,0,80,0,0,0,0,0,0,0,6,0,0
XP1_0023,0,0,0,0,24,0,0,0,0,0,0,0,6,0,0
XP1_0024,0,0,0,0,0,0,0,0,0,0,0,0,6,0,0
XP1_0025,0,0,0,0,0,0,0,0,0,0,0,0,6,0,0
XP1_0026,0,0,0,0,0,0,80,0,0,0,0,0,0,0,0
XP1_0027,0,0,0,0,0,0,0,0,0,0,0,0,6,0,0
XP1_0028,0,0,0,0,0,0,0,0,0,0,0,0,6,0,0
XP1_0029,0,0,0,0,0,0,0,0,0,0,0,0,63,0,0
XP1_0030,0,0,0,0,24,0,0,0,0,0,0,0,23,0,0
XP1_0031,0,0,0,0,65,0,0,0,0,0,0,0,6,0,0
XP1_0032,0,0,0,0,0,0,0,0,0,0,0,0,23,0,0
XP1_0033,0,0,0,0,0,0,0,0,0,0,0,0,25,0,0
XP1_0034,0,0,0,0,0,0,0,0,0,0,0,0,25,0,0
XP1_0035,0,0,0,0,0,0,0,0,0,0,0,0,6,0,0
XP1_0036,0,0,0,0,0,0,80,0,0,0,10,0,42,0,0
XP1_0037,0,0,0,0,0,0,80,0,0,0,56,0,42,0,28
XP1_0038,0,0,0,0,80,0,0,0,0,0,0,0,44,0,0
XP1_0039,0,0,0,0,0,0,0,0,0,0,0,0,25,0,0
XP1_0040,0,0,0,0,0,0,0,0,0,0,0,0,25,0,0
XP1_0041,0,0,0,0,0,0,0,0,0,0,0,0,6,0,0
XP1_0042,0,0,0,0,0,0,0,0,0,0,0,0,6,0,0
XP1_0043,0,0,0,0,0,0,0,0,0,0,0,0,63,0,0
XP1_0044,0,0,0,0,0,0,0,0,0,0,0,0,6,0,0
XP1_0045,0,0,0,0,0,0,0,0,0,0,46,0,23,0,0
XP1_0046,0,0,0,0,0,0,0,0,0,0,0,0,44,0,0
XP1_0047,0,0,0,0,0,0,0,0,0,0,0,0,6,0,0
XP1_0048,0,0,0,0,80,0,0,0,0,0,0,0,6,0,0
XP1_0049,0,0,0,0,0,0,0,0,0,0,0,0,6,0,0
YP1_0000,0,0,0,0,0,0,0,0,0,0,0,0,0,2,0
YP1_0001,0,0,0,0,0,0,0,0,0,0,0,0,0,0,0
YP1_0002,0,0,0,0,0,0,0,0,0,28,70,0,0,32,0
YP1_0003,0,0,0,0,0,0,0,0,0,0,0,0,0,30,0
YP1_0004,0,0,0,0,0,0,0,0,0,0,0,0,0,30,0
YP1_0005,0,0,0,0,80,0,0,0,0,0,0,0,0,26,0
YP1_0006,0,0,0,0,0,0,0,0,0,0,0,0,0,30,0
YP1_0007,0,0,0,0,0,0,0,0,0,0,0,0,0,78,0
YP1_0008,0,0,0,0,0,0,0,0,0,0,0,0,0,0,0
YP1_0009,0,0,0,0,0,0,0,0,0,0,0,0,0,30,0
YP1_0010,0,0,0,0,0,0,0,0,0,28,70,0,0,2,0
YP1_0011,0,0,0,0,56,0,0,0,0,0,0,0,0,0,0
YP1_0012,0,0,0,0,0,0,0,0,0,0,0,0,0,32,0
YP1_0013,0,0,0,0,0,0,0,0,0,0,0,0,0,32,0
YP1_0014,0,0,0,0,0,0,0,0,0,0,0,0,0,2,0
YP1_0015,0,0,0,0,0,0,0,0,0,28,0,0,0,2,0
YP1_0016,0,0,0,0,0,0,0,0,0,0,0,0,0,30,0
YP1_0017,0,0,0,0,0,0,0,0,0,0,0,0,0,0,0
YP1_0018,0,0,0,0,0,0,0,0,0,0,0,0,0,30,0
YP1_0019,0,0,0,0,0,0,0,0,0,0,10,0,0,78,0
YP1_0020,0,0,0,0,80,0,0,0,0,28,0,0,0,32,0
YP1_0021,0,0,0,0,0,0,0,0,0,0,0,0,0,78,0
YP1_0022,0,0,0,0,0,0,0,0,0,0,0,0,0,32,0
YP1_0023,0,0,0,0,0,0,0,0,0,0,0,0,0,30,0
YP1_0024,0,0,0,0,80,0,0,0,0,0,0,0,0,30,0
YP1_0025,0,0,0,0,80,0,0,0,0,29,0,0,0,78,0
YP1_0026,0,0,0,0,0,0,0,0,0,0,0,0,0,78,0
YP1_0027,0,0,0,0,80,0,0,0,0,0,80,0,0,78,0
YP1_0028,0,0,0,0,0,0,0,0,0,0,0,0,0,32,0
YP1_0029,0,0,0,0,0,0,0,0,0,0,0,0,0,30,0
YP1_0030,0,0,0,0,0,0,0,0,0,0,0,0,0,30,0
YP1_0031,0,0,0,0,80,0,0,0,0,28,0,0,0,32,0
YP1_0032,0,0,0,0,80,0,0,0,0,0,0,0,0,0,0
YP1_0033,0,0,0,0,65,0,0,0,0,0,0,0,0,32,0
YP1_0034,0,0,0,0,0,0,0,0,0,0,0,0,0,0,0
YP1_0035,0,0,0,0,0,0,0,0,0,0,0,0,0,0,0
YP1_0036,0,0,0,0,0,0,0,0,0,0,0,0,0,0,0
YP1_0037,0,0,0,0,80,0,0,0,0,0,0,0,0,30,0
YP1_0038,0,0,0,0,0,0,0,0,0,0,0,0,0,30,0
YP1_0039,0,0,0,0,0,0,0,0,0,0,0,0,0,32,0
YP1_0040,0,0,0,0,0,0,0,0,0,0,0,0,0,30,0
YP1_0041,0,0,0,0,0,0,0,0,0,0,0,0,0,0,0
YP1_0042,0,0,0,0,80,0,0,0,0,0,80,0,0,78,0
YP1_0043,0,0,0,0,0,0,0,0,0,0,24,0,0,0,0
YP1_0044,0,0,0,0,41,0,0,0,0,0,0,0,0,0,0
YP1_0045,0,0,0,0,0,0,0,0,0,0,0,0,0,30,0
YP1_0046,0,0,0,0,80,0,0,0,0,0,10,0,0,78,0
YP1_0047,0,0,0,0,80,0,0,0,0,0,0,0,0,2,0
YP1_0048,0,0,0,0,0,0,0,0,0,28,0,0,0,32,0
YP1_0049,0,0,0,0,80,0,0,0,0,0,10,0,0,78,0
ZP1_0000,0,0,0,0,0,0,0,0,0,0,0,0,0,0,0
ZP1_0001,0,0,0,0,0,0,0,0,0,0,0,0,0,0,0
ZP1_0002,0,0,0,0,0,0,0,0,0,0,0,0,0,0,0
ZP1_0003,0,0,0,0,80,0,0,0,0,0,80,0,0,0,0
ZP1_0004,0,0,0,0,56,0,0,0,0,0,80,0,63,0,52
ZP1_0005,0,0,0,0,0,0,0,0,0,0,0,0,0,0,0
ZP1_0006,0,0,0,0,24,0,0,0,0,0,0,0,0,0,0
ZP1_0007,0,0,0,0,0,0,0,0,0,0,0,0,57,0,46
ZP1_0008,0,0,0,0,0,0,0,0,0,0,56,0,0,0,0
ZP1_0009,0,0,0,0,80,0,0,0,0,0,0,0,0,0,0
ZP1_0010,0,0,0,0,80,0,0,0,0,0,80,0,0,0,0
ZP1_0011,0,0,0,0,0,0,0,0,0,0,0,0,0,0,0
ZP1_0012,0,0,0,0,24,0,0,0,0,28,46,0,0,0,0
ZP1_0013,0,0,0,0,0,0,0,0,0,0,0,0,25,0,0
ZP1_0014,0,0,0,0,0,0,0,0,0,33,0,0,63,0,52
ZP1_0015,0,0,0,0,0,0,0,0,0,0,0,0,63,0,52
ZP1_0016,0,0,0,0,80,0,0,0,0,0,80,0,0,0,0
ZP1_0017,0,0,0,0,80,0,0,0,0,0,0,0,0,0,0
ZP1_0018,0,0,0,0,0,0,0,0,0,0,0,0,63,0,52
ZP1_0019,0,0,0,0,0,0,0,0,0,0,0,0,0,0,0
ZP1_0020,0,0,0,0,0,0,0,0,0,0,0,0,0,0,0
ZP1_0021,0,0,0,0,15,0,0,0,0,0,0,0,0,0,0
ZP1_0022,0,0,0,0,0,0,0,0,0,0,0,0,25,0,0
ZP1_0023,0,0,0,0,80,0,0,0,0,0,80,0,0,0,0
ZP1_0024,0,0,0,0,0,0,0,0,0,0,80,0,63,0,52
ZP1_0025,0,0,0,0,24,0,0,0,0,0,46,0,0,0,0
ZP1_0026,0,0,0,0,0,0,0,0,0,0,34,0,63,0,52
ZP1_0027,0,0,0,0,0,0,0,0,0,0,0,0,0,0,0
ZP1_0028,0,0,0,0,80,0,0,0,0,28,0,0,0,0,0
ZP1_0029,0,0,0,0,65,0,0,0,0,0,46,0,0,0,0
ZP1_0030,0,0,0,0,24,0,0,0,0,0,0,0,0,0,0
ZP1_0031,0,0,0,0,0,0,0,0,0,0,0,0,0,0,0
ZP1_0032,0,0,0,0,0,0,0,0,0,0,0,0,25,0,0
ZP1_0033,0,0,0,0,0,0,0,0,0,0,0,0,0,0,0
ZP1_0034,0,0,0,0,24,0,0,0,0,0,0,0,63,0,52
ZP1_0035,0,0,0,0,24,0,0,0,0,0,46,0,0,0,0
ZP1_0036,0,0,0,0,80,0,0,0,0,0,0,0,0,0,0
ZP1_0037,0,0,0,0,0,0,0,0,0,0,0,0,63,0,36
ZP1_0038,0,0,0,0,0,0,0,0,0,0,0,0,63,0,52
ZP1_0039,0,0,0,0,0,0,0,0,0,0,0,0,63,0,52
ZP1_0040,0,0,0,0,0,0,0,0,0,0,0,0,6,0,0
ZP1_0041,0,0,0,0,0,0,0,0,0,0,0,0,0,0,0
ZP1_0042,0,0,0,0,0,0,0,0,0,0,0,0,63,0,52
ZP1_0043,0,0,0,0,80,0,0,0,0,0,80,0,0,0,0
ZP1_0044,0,0,0,0,80,0,0,0,0,0,80,0,63,0,52
ZP1_0045,0,0,0,0,0,0,0,0,0,0,0,0,25,0,0
ZP1_0046,0,0,0,0,0,0,0,0,0,0,0,0,0,0,0
ZP1_0047,0,0,0,0,0,0,0,0,0,0,0,0,0,0,0
ZP1_0048,0,0,0,0,0,0,80,0,0,0,80,0,42,0,28
ZP1_0049,0,0,0,0,24,0,0,0,0,0,0,0,0,0,0
